ph,Chloramines,Conductivity,Turbidity,Potability
6.44875726456884,3.8011392994484328,252.21820813088277,6.112084309804297,0
8.761872647188401,0.1697298929289942,1488.2359694545676,2.2516078082387403,0
7.949588434273165,4.0898351205953105,716.8842610911139,0.8747814461789472,0
5.3702232586704515,1.9892779952287083,1974.6589272075782,10.1672109383256,0
5.567367606202946,2.713622216737981,843.0549196383454,16.05286619591421,0
7.89140070498087,3.999580426865947,716.7130768105136,10.774035959054284,1
5.102922471479012,0.19656069920549468,909.7444742483486,13.206054394026763,0
9.816112697203057,1.4361949582704088,1653.154446133264,10.247275550915813,0
6.792328642721364,4.847352166376845,370.74153151287516,5.950969026376411,0
8.129299578571182,2.9870655108515414,1302.9876136286425,16.56498504874437,1
9.609371175115584,0.6379015139778188,917.5812003089791,5.044820403467232,0
9.46279499244989,0.6214861174277236,255.0969658581202,7.830513963556587,0
5.384899549143965,3.4075136111196462,1648.1677161183732,2.9777610066488935,0
5.640229194788862,1.5048178347340813,226.6388770653109,14.111717252876492,0
5.346806504375827,2.3802520109954983,958.3585896007353,6.50208030863398,0
5.976214938990222,2.4918388636973985,365.33738403699454,12.170545453929332,0
8.037724259507192,3.566747929422762,1798.7884869903553,19.599406587177015,0
8.259806297513002,0.6233134060163342,612.5242618822803,18.12874906688822,0
6.289708138575778,0.9079885840071283,1347.7996626284553,2.6695994483188756,0
8.64803089169032,2.8580634473494992,266.94634837518333,0.18663239654186592,0
8.659969709057025,0.8850524213837341,142.03474790509478,7.065028170041283,0
5.644398609553246,0.3391852955258595,1266.4738110441174,12.021483336004659,0
9.723828649412141,0.3806542974515009,1784.5480089568869,7.67677766089959,0
8.337788692605136,4.867444845886984,1461.0144373190963,3.0891949444664757,0
5.978955673946482,2.832023201484486,1285.3327168854887,13.523551241508681,0
5.645797075757475,2.962038923297588,886.8465298049614,8.378955803749509,0
5.027610585618012,0.40116872830821104,1581.7168788973647,10.11705385903658,0
6.616014660103776,4.386002704065541,1335.61880405918,16.099779993615396,0
5.670076142253204,0.7930255264653685,1923.1956242099634,18.049066145716836,0
9.109300296451782,3.6238338576438074,389.5904253277931,3.706603590574289,0
7.3698082013143615,4.357684030761881,261.1048304870261,6.917549214757148,0
7.678873420373792,3.719731462863385,1299.964418175789,7.67665903866088,0
6.654490124263246,0.8544379369503291,1163.3324986251369,12.725827079584962,0
8.480148983374864,2.360334725549996,1385.3754329767685,8.235310831690171,0
9.502090285816653,2.52944339442233,422.5400196663274,12.204502989552825,0
9.53177192547368,3.993916178868327,784.2591741958863,16.58573598633511,0
5.599326836668414,3.3259861034810005,534.0640085294676,11.213201888323418,0
5.13183487248626,2.9004310391890558,1990.2460026225576,2.6297823979596324,0
9.933197892505877,3.953615824194818,1699.8632593152004,0.6934053345296665,0
7.507581473435998,0.7807629868309518,1368.4274325708109,17.41156850092014,0
9.707324043882625,1.4434686838534994,1662.967205175989,9.42574334796329,0
5.232252063599988,1.2621847217201037,877.7346119985817,5.856440734019294,0
9.554635922469213,1.9812100945132938,1317.5699979113917,1.7418553359154298,1
7.569947445799054,3.084634591878711,972.9488599713746,13.045832971838793,0
7.28034992108518,3.0912738576514798,897.4819021596323,12.878085070822614,0
9.623468091392814,1.2589952945347638,1941.8834124370462,9.163737734757852,0
9.455715568490355,0.08936967366706905,1631.2582602234802,13.04448519090945,1
9.537832369630465,0.3168748523638387,1447.214986956741,14.914675654624643,0
6.7837666334679465,1.1861339586799724,964.9182832554222,10.900538377938766,0
7.278283763928565,4.713658870675628,432.19339179478385,12.215601421515366,0
9.641592812938626,2.0731206186351185,436.58459995003324,14.456286064169674,0
9.818099885446264,2.510975051656213,1894.7670170006443,10.870764346852921,0
8.182052056318902,0.25911768411213454,1878.8032678630107,0.10459227085825473,0
7.017414331061985,3.763583197788206,1622.9205125776803,2.411168328073805,0
8.204373724016072,2.9108523008813663,1501.1241605708226,3.3372040339750564,0
5.132556552708109,2.5945885264141877,1260.8638788168844,2.839439795219878,0
5.804040257087493,0.5661902292037763,1749.7154329751913,9.751423873467687,0
9.17651247794619,2.8494484243565825,349.9786017417936,11.755387217243964,0
8.515094794475889,4.082997197357885,1392.4336606194536,16.500988203601242,0
6.746047873063304,4.360619544720757,1674.878395176958,13.13910312534279,0
8.85635173342973,0.5601945108402617,559.8855301388022,11.806953809175457,0
8.45468869051233,1.1462569761632073,946.0799845050644,5.185935177315475,0
6.238654947505787,1.2894384271660115,1124.4064256829836,8.549793758412303,0
9.248236953387057,4.256034570243844,954.5908327605127,9.124730179110841,0
7.601538504518967,4.2529086454712095,1544.5506639320565,11.873215824170769,0
8.861223846483288,0.8668679764737741,1420.4655836404309,16.3557065971389,1
6.064820807544553,0.644349337367226,1704.2784572052703,8.44068520255278,0
5.759513467561471,3.540860443226408,1084.9752416958877,13.768100369842738,0
8.11649063413779,1.289514135224699,1434.6834440337975,17.466458317216155,0
7.044764722071349,1.4723287977095882,1330.2019568937458,8.80646836736698,0
8.630456668613308,2.1071227529624896,822.3716756931284,15.865227008765089,0
5.290418060840997,1.0316685920289625,1398.2612155523598,13.227412221408288,0
7.472101523512907,4.855291225826839,1919.4880405602223,4.83787656517678,0
5.355943242301145,0.15591567530642336,511.8056201724737,4.543591140470298,0
5.585335082138029,4.144577370753387,955.7047788905518,5.998382230139693,0
6.236740508715988,2.4757326350698716,469.7827724594536,7.381060435218332,0
5.126753717077287,3.12074453924567,1915.495022314376,3.6844967847605226,0
8.227361479535839,2.9029417513902174,483.5215590336019,4.506338599024701,0
8.101547756767324,0.14623641517279573,1141.1230290500166,2.8427424758691533,0
8.091090316581305,1.1500441864385151,1363.3322765257142,18.057899903839743,0
7.327990090662301,3.2637305392593734,852.7281140575852,2.1094739991326117,0
7.207652506866885,4.310213254946567,481.7740084522073,6.0253052152000075,0
5.961445094043354,3.7482591587146237,235.38778275399133,12.916447725729686,1
8.216441092211767,3.015760547331941,550.054062051516,12.418571349568623,0
9.07730714227417,2.6225569478512734,175.27576816187857,16.814060560224,0
7.200762468698007,1.8864208155231132,452.4984798359302,4.492312236877039,0
6.210276357557502,3.9701259463514798,1759.5041523551552,18.662266626871155,0
8.248164495236074,0.27380819411015667,959.178153738527,0.43646793550979,0
5.503890006887133,3.3183558268132405,1214.5560800334008,13.726543933721949,0
7.743668946832931,4.924205994811673,491.0982990698597,0.6722720036656527,0
8.612260576307527,2.0946272475227397,156.9498207580881,6.990127441736376,0
5.567787960998145,3.9871301080346404,136.46532596380771,13.573399133451296,0
6.94338644844741,1.7804836294892312,611.0874684266855,15.528948929994492,0
5.258408605843038,1.0394312757301365,1086.2553917588143,18.301801368140865,0
5.485882468853843,0.32854319714176183,1351.8823934420486,10.908637388138109,0
9.450026709087831,1.155373982940357,1653.885010732541,0.5433484245111964,0
9.460232775885567,3.6875062405487418,1314.3278818494507,5.130601248884956,0
9.849549260809972,3.997051994545213,957.6353462263834,15.287453244434719,0
9.753035734687781,4.720296698433066,1112.619794447537,0.36013111200909,1
5.317791751430118,3.343216099622155,118.56461009644894,15.22243074086316,0
5.597971229691509,1.6183961820212183,854.1542247830325,1.9835619917443181,0
5.025307919231094,2.2541968570206605,1212.173292353829,1.3073231512877048,0
7.252720676550467,2.40293288663324,798.7427666668502,2.420500009703861,0
5.203644011594851,1.3615366325968448,331.58357734020035,17.805161060356042,0
5.579345297625649,4.327535629469901,1047.8874915575766,11.300439857180322,1
5.420534030574987,0.3847660081460458,1861.63785701096,13.35609366452813,0
9.812236474710556,2.313398928348032,589.5974881713059,1.171018584879584,0
6.689975784257679,3.359463717993642,328.3972052041561,1.304091825209841,0
6.797455756098776,4.3089281050675865,1754.4315556407923,3.294127068645918,0
8.159186060848995,3.5278758625784423,732.7036348105761,14.533419841406465,0
8.899377729288119,4.612496905886479,1442.876712082347,5.6437414938640025,0
9.81086274237271,2.106785011385351,1985.100228164294,12.14179157437508,0
9.747603118288211,2.6999268985792773,699.2731019212242,5.50762348510837,0
8.167004271583629,0.5125486399533963,1352.7724521909872,6.377336366422776,1
5.091109128257749,4.68414869662379,419.2269947152405,1.3928229632481148,0
8.772714370423412,2.230028864789779,1798.9626618618247,7.608010979408193,1
7.458079375584162,1.37027610343603,1447.1878972726222,16.38127027723312,0
5.257393756249947,4.532360554822735,1976.53417109851,6.5638550721862305,0
7.318492024699911,1.1533490585887933,798.3154023539097,0.11011598320841642,1
5.406743903209499,1.5764516891530516,1861.301839056161,4.790203398190762,0
5.184434736772664,4.497872866372842,908.4373354513432,10.345381128832187,0
8.540362888980226,3.4519741431468267,1994.5365502996513,1.9679129942679463,0
6.594878151468807,1.3113202214991255,281.8576554883073,16.7408225048588,0
9.210594615678543,4.04758037362439,291.9870409202287,6.187454357255642,0
7.648252891780032,2.3100290182206633,1942.659985649235,8.737014052303591,0
6.110539052353651,4.07287360115691,1466.4833787173013,11.229691759190475,0
6.982713911606351,3.1590676350833418,1794.9609089864455,13.849856533384505,0
8.114452379095,0.06500961755368018,821.5929823405367,15.958283192317882,1
5.37931664054332,3.439428611504067,1309.672396117694,7.423448468752552,0
9.930005319114354,1.164797373768169,342.6556189069462,1.2728181857328469,0
6.554911608578311,4.646879945637929,720.2764856635846,3.20143269909146,0
5.909400421995724,1.7294152847647837,1073.2216495440816,8.61058676924415,1
6.933676731502687,3.611262841965331,1078.1529724664115,8.593136254778702,0
7.447263801387815,1.6745280732854306,1477.9895547887593,14.713262284783797,0
7.1211100462348815,4.695338492564481,599.9138828306014,13.384005258761569,1
8.629778394351197,4.660591412418062,918.6862949574313,19.13229242166916,0
8.645035840204937,4.911893084543032,299.36733899453225,10.844744109836967,1
8.803925243084487,2.538051893422275,1178.3276116969605,16.00141937398319,1
8.849967765493055,1.4657386513050663,1277.0316574182675,11.55186731762315,0
5.372753218398854,0.9328351202565288,1240.0390414266772,2.634575469091238,0
5.917022549267169,4.604362002659066,519.4622642986448,19.35720069690061,0
8.03214529829795,2.12065335651193,1361.2286024814296,5.43899452257262,0
6.188187719961999,4.4694629152547884,625.972814746598,12.723547294164653,1
9.436063712881634,3.8474646659596843,163.08590670359646,14.529234302260097,1
5.388673184824924,0.9321913107212726,356.8159493941632,0.7344272500164228,0
5.932850294430179,4.825134553332563,1490.0200913351305,11.860886683735682,0
8.14471423389942,0.532991265668859,1229.5050368537288,0.6637870912485244,0
9.477616142481002,3.293916833553587,1086.2136027257138,18.361531043983014,0
9.744427686266667,2.6605674263265784,159.1547574805716,14.961463588590643,1
6.872700594236813,0.8446753153608227,1540.7000722651428,19.1300279659896,0
6.728336416619316,3.1045775888373854,1392.4327804958714,2.8518828816381747,0
9.998588366430653,2.4793786753938543,1285.4020889541132,1.1904940069554337,0
5.8146721354071484,4.572059729624799,1779.9922803619747,16.519564254161637,0
5.071967443148779,4.92201090351776,1460.6862810240677,11.19511367276765,0
8.844937075902553,3.4162938182979796,348.349715806379,2.2897527613181023,0
5.077283082644337,0.7433136387655648,1749.4702833172603,17.2027938669887,0
6.4607232426760905,1.85236051395691,921.4361219809437,12.300259360777332,0
5.42418857042596,2.697456461876686,1125.9185475330632,15.891565574003806,0
9.018360384495573,4.153097038938646,1100.1650557786152,17.72391560930149,0
7.361074625809747,0.9352187427876169,249.2991445945394,19.83619902698727,0
6.930513189003872,1.7783635823247457,905.1026819326494,19.58209876030309,0
8.459475988463467,4.194490432229671,312.647276855683,1.2530640691070905,0
7.159725093210579,4.031006398965307,1343.571307134157,12.493271377085275,0
5.054188257401492,4.2459782578265965,1620.677364862487,17.166833535982416,0
7.746133323530602,4.342339879489564,214.50804155016561,16.072070708830704,0
6.424202471887338,1.1610634757340865,1511.142390279964,15.772299293448128,0
7.954166302845054,1.2158609549972703,952.5178829828083,7.608400150151247,0
7.556711994304689,0.1269317783017243,721.3630069701535,17.591637099030585,0
8.0308731722544,1.7390460395109653,1493.8673230666639,1.4201532906651093,0
6.940849631032609,0.41399333962563234,771.5006206751644,13.022951697633482,0
6.4722444603479286,0.3353823869421374,1044.6320516160117,9.166012830573129,0
7.713223173537883,1.1909139052336326,1421.387692710738,13.135602094485881,0
5.281877483254636,1.86344258506157,1646.5435120614356,12.72802740366814,0
5.5156193441796635,0.9256646441930982,464.54791696561153,19.536006570213186,1
5.932592551999271,4.383828183808747,1827.161789264718,7.244708833045768,0
7.989499894055426,2.158297731148397,1402.5740457350455,18.37853067279109,0
5.940605798618806,2.563442555082543,378.1105851082733,10.33145256891958,0
6.558555380447055,2.9679622677702433,349.3652675965364,2.4300275260183613,0
7.806385987847481,1.2120486620754012,1409.9834413608048,4.080712692577977,0
9.386865359639778,2.00381530437663,1998.8860789642665,1.0391315510853683,0
6.143990827458112,1.2732032738188193,744.9553658313315,6.538632326761582,0
9.335361592900519,3.2199977161950786,1769.179566472561,4.097625483014252,0
5.204343081332395,0.6504312006531598,123.00610294628615,12.738046349094866,0
7.615489220850744,4.749805919751127,1420.4070689146772,1.4186443226754686,0
5.363815031820968,1.6993748188403308,858.7002400376855,17.846049962793046,0
9.387360067635264,0.3756889086790438,1043.8570318324219,6.078928024814476,0
5.590824138108282,1.6712194540848042,540.6994826203534,6.106213533934626,0
8.730224396327117,3.841367069322591,1846.844749107393,17.850465799096924,0
6.704017701265089,1.8048694847001339,1476.2437525446082,2.2197893842696215,0
8.703843088771022,2.7982016565410897,191.60287383505647,15.725563987680662,0
8.146993190676312,3.9317250720777603,757.5894804217925,5.08783161683694,0
9.052766653909163,4.387304313151902,1420.566934831251,7.891521511952928,1
9.934434683002586,1.4254758434692354,654.1588995476761,14.51959819970591,0
7.513185465525961,2.262197580663467,1079.6324543005753,11.306605091432198,0
9.13228733053871,3.661124432047806,774.4929810806809,0.8404935034281058,0
8.509834386288517,0.13547996251741745,1615.8459328314054,19.699793122817503,0
5.215799559752881,0.21046594818180941,1749.3077112041556,9.753341372425288,0
7.515681292900439,3.002584302168267,1907.6663501926482,6.704160947417455,0
8.6285975419418,0.7694795316992753,1335.3820755564914,6.904462856033842,0
6.393232321183057,3.1211899795699605,176.2074636837167,8.680387323477506,1
6.139675812709708,2.8723655658995595,1954.1439860563494,15.883946625541686,0
6.754575062760393,1.5955023662162782,283.6852543287673,5.944756154172344,0
6.87435289761852,3.6879115079444573,1717.707419715682,12.626151061839774,0
8.299920230170894,4.542252806668142,717.8611220269203,1.612030275142493,0
6.965488623333802,1.7347660094811386,1908.442392304154,19.625941809944933,0
5.186740943746072,4.278482340531429,809.1784040957461,19.289533078016234,0
9.833274095218348,4.984371259229737,1692.4190503314094,14.156701944595373,0
5.152501249695247,3.6113346592782958,551.3338486612222,15.51223701850655,0
9.265047277336802,2.976925086600219,1398.171253750327,1.634506914935565,0
6.8532107353344545,3.1294568821850453,1284.8128072052434,19.908750323826197,1
9.260907501592701,4.18506664181836,508.88355683275125,18.265738951524735,0
7.759534193872428,3.487357308346418,123.02947182339722,12.251469366896384,0
7.6008175055599665,3.541814883575174,1117.089249759924,12.721920928190844,0
8.167018782552118,1.7443413327149764,959.4047405847703,8.97221261909085,1
9.492770942635396,3.0335752319142797,1499.1638286247169,4.990923996990122,0
6.258911479126821,1.5068893708207103,978.983617804701,6.6847663739212155,0
7.370869145436626,0.5887554144507057,444.7328606216912,3.7482388819516443,1
9.330880728874675,1.8213493052403773,947.2151421158219,3.7039113573493587,0
6.904454283155108,4.778257491148767,330.6313849026149,14.280652889337128,0
6.456145700990209,3.7412984519182917,619.1931012965977,7.6387927930579185,0
7.560465291496405,0.6374433116599121,1723.3316774022003,5.461416199456249,0
7.792021248679025,2.64468567013606,675.9438762961244,18.19253638873185,0
5.442462510259597,1.4188795289936222,480.9969807306398,15.100838574925566,0
7.65677315784074,0.13266101936909858,1010.4455674964888,10.6605773449228,0
9.277302920055035,0.09195338273733367,444.1837641158926,1.5881316928605904,0
8.885734579637184,4.3735083634209975,168.704722997048,1.877145696467124,1
8.300986883588656,4.472761134470457,768.0831057553054,19.342532305183408,0
7.1948571035281805,2.9514747125740386,1644.6729035605777,2.8142305609751683,0
5.924272277627635,2.492210994645286,1271.6355975894023,12.916216253104121,0
6.992523671986867,1.032106358803016,1929.5610629514017,9.423357978656293,0
8.925879806965067,1.844568197848862,1313.1993005617626,10.606042664983166,0
6.8713539787806015,1.5937625146603496,1089.8201568168802,11.656136701669793,0
8.288064461501717,4.014267242990057,700.696599455826,19.267888684271007,0
8.137790400420318,4.395591537810823,1662.7130709052858,0.9129749100476747,0
9.770255136293612,4.123404829625746,1672.3220015770612,15.023560956168362,0
5.171942605576092,1.0572400349827231,1564.7515048236987,8.788099793889044,0
6.466053858490323,0.9028767256366677,1988.8647863202184,16.58789329717694,0
9.950269250521316,2.266444173740138,1337.342656378835,10.250052975406634,0
9.52690988209632,1.2483400442959298,544.0529556298227,5.844364609237955,0
8.249819653888826,3.294619709550757,1548.34175607557,9.024786883619761,0
6.741277335116502,1.435190665874564,849.5049292830671,14.58346975098896,0
8.483685826820754,3.8545610187291097,842.7213922204779,4.252887527421922,0
9.750309835254026,4.938340039983235,1336.667001189669,16.09813553682877,0
9.928252270553003,0.6963603633169363,1024.6709887069355,19.966950227858995,0
9.090073829612464,0.6988618831314475,446.02403980852864,11.76404533896781,0
6.3541612563103715,1.8984620408363346,1553.2781969300438,19.67042945430444,0
5.752084455517641,0.6475746064140209,554.4421980102586,8.220421505310915,0
9.736242886919293,3.0793159409115227,1535.0137989439352,10.428913780871788,0
8.225863952047249,3.986476828897768,569.7390413660364,5.974511471775461,0
5.8526206184364575,4.476034188435997,536.9137511930637,12.037631792726442,0
9.040601897822086,2.059204570736343,1652.8657629287381,7.366190610136966,0
6.831809216468459,2.4226149259551066,1892.870248318438,15.49267561275576,0
6.1324788759896895,1.9864364528018363,1035.3279272512661,10.36157532477631,0
5.143913381566695,4.404353795994642,1026.9226834600886,1.3288768871154977,0
5.704621124873813,1.2297886419225406,845.7377571727012,0.8634747159402334,0
5.979914312095726,1.8154114819931755,1034.02963880873,9.2107899454828,1
8.572979613500312,2.437155991247568,1875.428450930477,10.104135471532764,0
5.468373839140463,1.667495858455721,178.988432195745,18.736449240661837,0
7.623782158161189,1.3843882407360186,1392.948673941955,15.384462956762672,0
5.42673732496884,0.4275426542723404,1740.333934186468,7.919409453249098,0
7.784006312291751,0.9534386033183329,1868.8025214632578,13.380446746582166,0
9.879260397312674,4.4633585553848745,857.7632837041109,6.335233541350533,0
8.110433501139367,1.2990179053207989,1915.1359043574637,8.598621547802964,0
5.465513839029496,0.766757015580401,548.4958803582815,15.310257979822195,0
5.78218521335543,3.818028970798804,562.6163634949686,1.6692816997876658,0
6.367035359653531,2.0422660653534934,1993.7240223206559,0.03130210382945808,0
9.050566973395904,1.353723365717769,1503.0534975775204,10.387717190078746,0
8.854835899772805,0.5741841236960177,1621.1147283072573,11.101698986045726,0
6.705331755251293,3.4697422223355003,410.6953579115433,3.7220283569255463,0
8.789230552321845,4.174651183996495,1259.634188290745,0.2521503995151808,1
7.09800031213895,3.1673910991307364,1625.7492058820606,17.63855516609288,0
5.39228190671133,1.3403182041143813,1464.4338448303395,4.0403133680498,0
5.779972601681013,2.303893840163629,1563.774093834807,15.493070623623638,0
8.31261142176991,4.452636403699475,1289.8186110996892,4.8138542366501,0
8.754355338957486,4.751186769104012,262.750674233218,10.932964403755769,0
5.7353674046451895,3.899226975755718,1407.45594156443,6.126269975564254,0
6.117979192597263,1.7731107882038826,321.0961559824046,4.748669367496126,0
6.521211214797688,0.30538979927431875,256.5239866701011,5.908895549548405,0
7.733551396716399,3.9458561930366916,1849.6109108498051,17.73849800418539,0
6.291221941494792,2.7063328933805515,1697.656000909253,15.96760681036705,0
6.4048159479611515,0.8351697304603761,1025.4176457559784,6.626940142061015,0
7.993292420985183,0.44351266878527806,714.8594163841284,5.930711625753105,0
5.227231901707289,3.0670569460535386,1853.2386619754493,19.430653818021014,0
8.531211135782481,0.32678170399471185,1985.718654100913,1.5793832438165722,0
7.291264452457583,1.2267455484066048,1582.9984789633374,7.047498932193088,0
5.505613380613951,0.602834428886394,1611.3549255004855,17.04527748782363,0
7.7031756080505325,0.9071771754489866,148.71992503222782,3.15909645670696,1
6.219948216895418,4.599278082063803,1933.7255232284865,5.203155819241023,1
5.998368910791799,2.3126735806657397,855.4293561293091,0.8390244686327253,0
5.287793800083222,4.721332445567169,433.07559047955334,0.2480807255462958,0
7.591648261818683,2.2038137346911406,1349.9060787457684,9.18479755193916,0
9.847923138822793,0.43460144043711846,1613.420852854735,5.718135784783202,0
8.155693129986314,2.2610897044490357,1749.044759588042,13.083492029481489,0
5.48836057003192,1.2123525181736483,999.0988227139586,6.765350119889968,0
8.808098076643589,2.6673054598816077,901.2697610595653,8.42496106588144,0
5.121579832157269,1.8119694955831656,1438.8934491996288,3.024936574698691,0
9.311818543733725,3.170028515498057,1595.1164338850606,13.459332447888649,0
5.871832145024957,0.7495871367438689,1754.4248124177716,18.81358490230681,1
5.226093350530947,2.9646996742085157,210.511211460404,19.856336779981408,0
7.928877906367316,0.23482983387527523,880.9540926327389,6.9588282316433325,0
6.6951489552435035,0.09055091910420254,740.306035219444,15.027501720580913,0
9.068975098534743,4.638761415976065,1061.6695393964637,5.869776464162433,0
7.460581465397691,3.80513951251014,583.8741818874972,8.928390328031643,0
7.091215181453094,1.1222028591833033,216.5642915102695,17.484450493703516,0
9.010984903770199,0.8034068662977784,1011.8837859625347,3.2962963145887425,0
6.251214490822976,0.7005658788322627,1861.3656351129825,17.648327368146774,0
5.20387570777382,1.7104087435795372,441.39790685345974,6.690225774838643,0
9.526753209780319,1.4856085781158752,281.51709628586957,2.5252948312900547,0
8.167648553804474,1.2424456990723287,1283.6365087706172,16.796045712712345,0
8.16550728636634,3.0572711771732393,1087.5705022564334,2.7070816455537106,0
5.7244743604561155,3.138540265357089,933.3692964602219,11.964505881274777,0
7.680481831720602,4.845513150704057,921.7459688272507,11.440972867386016,0
8.175468254338218,0.6844281503440364,1631.3858445728004,9.185303943464278,0
9.505790052454945,2.3370075562493486,1737.8275163179828,5.536286155826115,0
5.580363202534581,2.628450911513429,617.9856013937142,10.547992442453527,0
7.542853455823514,0.6720733846948712,1128.4630370720338,0.7062270988047814,0
9.952525710003368,3.997079394844896,1415.6286875163023,5.20573715132006,0
8.534286719238086,2.0519841349483077,1012.963199789875,14.656030895325012,0
5.456030515243452,4.621980976882652,1168.3639501680286,1.9306894039088163,1
9.632938125807472,0.534903194134792,931.4459357052447,15.779703198415866,1
7.696711209578254,3.6543373760182214,214.6689595820712,8.252436816972475,0
9.29206375921506,4.586567877311214,620.9052664636312,9.207165424038525,1
5.456433383930667,2.4471248182157024,1126.02263774857,18.215403232878305,1
8.478743444923087,0.44705501156129757,1953.6593816338384,7.237061864102774,0
8.317508845540278,4.627842564533882,1630.773290605101,15.534211139103624,0
5.230013210108764,0.8583964292415175,885.7432928981679,14.387072447383172,0
8.293468158094726,0.876856393117248,1656.4588329109015,14.240280406615614,0
7.367358853902829,2.770890012578967,303.0661538800133,10.815875099710887,0
6.600248005153059,4.032805739307249,231.9053012175774,14.798082415338607,1
8.005575058716044,2.5170863542742845,619.8906659351652,3.482186706681687,1
5.116359678679129,0.25712906742125174,1319.7458508422055,12.857638201174153,0
6.523068845866853,2.6630863322751157,1742.2806746953104,2.5619149273240005,0
9.858910413604804,1.884722147124538,158.23975419103152,1.5411655826866233,0
6.584610025781388,4.490271447203568,1184.1585186137763,18.913962940005646,0
8.187149507491032,2.915207804848461,748.370872489697,13.91798236337605,0
6.143214027517313,3.390080762795318,1561.6792979185457,1.603600281638069,0
6.626651653816322,2.8538915233445596,1205.7456636373577,14.569813543232264,0
5.8061064362700225,2.9781937030392216,1800.1516465150025,17.53301523656401,0
7.728083946579675,1.9464780702098827,622.1314675414586,16.8289510616952,0
5.352843737002149,2.0938526244603657,533.3515667029717,2.0127495704706666,0
5.7004200761826205,2.6219513466379003,302.5267575851824,16.12807234465679,0
7.343465798974851,2.7542868530456968,218.35441644711912,19.101210229699777,0
6.079105137484216,4.4816790926055985,980.6386832210875,12.691648351006075,0
9.541329429833269,0.5844902035418204,1747.3598426326523,1.7720085935923446,0
8.48507870497634,0.7762012296535625,1956.630950020503,4.027275642719488,0
9.936380646574722,1.3280002129435302,1968.9899580004858,8.436563570776627,0
9.064505045650389,3.6171005684429245,681.8818794945622,5.152144406674437,0
8.421165132560784,1.3462161547469047,1939.5675130379714,18.561672806520995,1
8.80755315858736,2.981349392410265,760.3858960540659,0.962856719567069,0
6.61478236470623,1.7090867584893799,1113.844838781069,18.122865095315326,0
9.435432121325587,3.483254119384461,1272.575474547657,1.1410944230250863,1
8.212096391031578,1.9156926412474873,502.8851958256306,4.7974822551188945,0
8.047821669899484,1.9194561068660572,757.2764858392295,8.80397995910981,0
5.0607723734490815,1.4815406022799504,823.1842576055021,2.0844960561669534,0
9.983184185369527,0.40523107953823967,1101.378781432138,12.075909058987754,0
7.5133951161443076,2.717764305569943,804.9736496707451,2.949050534125679,0
8.957895218629243,3.4871013362341996,983.8906633390645,14.073719549215916,0
6.873063073132356,4.369450387812576,182.4838124241564,9.884248945005998,0
8.689484583478842,0.11234654160058699,587.8754786689651,13.35839997607254,0
9.330319447502042,2.6848721144670677,973.6208051617083,14.045175320633286,0
5.550259622638384,3.7056032464502953,516.5065759802842,7.109860208827148,0
6.547638081431639,4.4189294248171285,692.4506528619931,10.253354519128328,0
7.61366414690997,1.4431527662012789,418.2169062922325,12.319709005203581,0
6.504391549083849,2.513601950462396,1481.6212325559852,14.153618694818315,0
5.8855533970352445,3.1613214395976517,1379.5216233173428,5.01933322680596,1
7.747644411618678,2.371071083287319,1411.0092925592648,9.375359309290117,1
7.137705091792748,2.9061911071130613,298.6788966353605,3.7604946923083227,0
9.774326403315971,2.126067522346167,1023.1563424540187,19.682206380729955,0
8.978963347180505,1.109860809664747,927.6082981445727,15.440249526199807,0
6.800953207056315,1.9859176480922742,239.07225516004291,10.466592623894826,0
7.769271422006604,3.3982364134653493,865.6623396538067,10.125321189904055,0
6.590017374859319,0.3324813368338875,1756.3887765251832,12.391786749196815,0
9.386696766904905,1.7284799675195972,590.4535221321423,9.659377441707104,0
5.808143570473069,2.881441800834066,169.67571117373166,18.125091610420732,0
6.399669484729714,3.999276279736576,292.69957405351136,8.355219585501994,0
7.140920741586571,0.4267483403932193,1415.9893092297125,1.3533672380000317,1
9.663642416770067,1.1190880741131153,1583.4470135300357,9.870931606802372,0
7.343303209970632,2.009654568046211,680.4961902502447,8.608548206419805,0
9.846512678095495,1.0912694393253208,429.69657847436645,12.682080627526627,0
9.931053722398016,1.7506262958336505,1144.1061182005321,6.777212986775032,0
9.323611881275266,1.2987689188016311,1268.9169326389206,1.0227076288420145,0
8.753073758204291,1.232010166195534,913.5792683586681,15.768946865065974,0
7.135538943131282,4.20914388379136,740.102004365103,1.8598127964626432,0
9.900162876427386,1.7093608301934304,1813.3477850573047,17.151246753225674,0
6.838579015297167,1.9908434679547167,381.85208182796885,1.0451575857204753,1
5.866009349550076,3.257101941759321,1177.8932172949167,14.20485597246623,0
9.474136752138243,3.72719737092165,337.85300518484587,16.930286773805562,0
9.24611705247089,1.6759862082295047,1874.3625333030193,13.275793723511782,0
7.553736512887829,0.8182797143285225,1046.571861260964,1.297071889659367,0
8.358503422029283,2.8286598199789554,120.9594024144297,7.095425836719684,0
8.882064803709984,2.9511533343454355,297.808333829916,11.2088126196088,0
8.766890926294709,0.1220039077826901,1669.528497479804,16.627470287714196,0
6.790813590164202,4.39314993177579,1014.5538881071149,13.371452934458281,0
9.653786628017823,0.45791036663317075,1198.9351423121773,8.941110876128509,0
6.9612202254986615,4.16067088978871,1500.9784470368193,2.4600659024749127,0
7.526261862239286,4.364729179382041,530.6471642312772,8.450968566238892,1
6.410172862856532,3.44201198213868,1420.7746526904282,17.42408964526104,1
7.295678781191306,4.814960019294973,173.0100630284175,16.44844747336557,0
5.635302563259424,3.3404256828532306,1246.552327424618,5.742759161691511,0
8.490808570098725,0.28921338281698183,1935.062106191118,16.051713591596258,0
7.272705323838866,2.087903878924642,1317.8469469561308,9.449867100130271,0
7.242227609891598,4.626241587078329,1372.0252148765612,6.095021907722666,0
9.648488261712865,2.357880942750792,1140.425514692099,19.926686752544946,0
5.687604720729967,3.2057381644264864,1226.6066177263622,16.838671335836175,0
8.94809071397277,1.4867450368627537,214.2704509414919,10.813969532898206,0
9.3429956409473,0.5523705656569733,1868.1309078234408,14.052675461710326,0
5.417503583493344,0.10634705425193569,1446.6149257116551,2.2986599411913367,0
8.415033867081785,1.074701892953784,1739.3144473321343,17.114745178115726,0
9.17990060256103,2.7602359042599014,471.9781727987376,13.085851046499236,0
6.197809453334862,4.699160618067376,1199.4832762875476,4.412239054224225,0
7.463090469964348,3.1631094656697405,976.8071827869949,18.332704716824146,1
7.462588469094319,0.8819349325311165,1367.0420893375983,19.44010659263074,0
7.581501741505976,4.087217808692205,1202.3275015319314,17.14358513997506,0
8.861591958678197,4.336471004799012,360.5084408850982,0.20262368055486757,0
5.451448850272041,0.1676621736788969,1492.914742589034,11.43744542454373,0
5.866471600354229,4.742266534810783,1806.2580430049752,12.30596050139604,0
7.59395310871683,1.962225537113177,479.13065676537576,5.396414402564287,0
6.596568187952075,1.1060472090980111,1772.1502663667707,15.079238071935679,0
9.485551299762886,2.825665917946045,572.5571179164967,1.3791603271284236,0
9.520793472468743,0.0319293585841679,814.1877417769617,6.863347063453165,0
7.850305850446825,2.824205666313082,509.78278955566265,13.019469343019082,0
7.884519423131795,0.7042851018989993,1028.8085024881484,9.278649733766724,0
9.357302950938589,4.64764572123913,1322.7976208733974,14.441418764054742,0
9.037200775820313,4.691702284105189,569.4961446192783,13.912362929936137,0
9.752057420382794,4.955843130684883,1251.8805817268571,9.64082116224165,0
9.224376554847272,2.9753896535012743,144.91331348803914,5.585521769088208,0
8.67535521901943,3.6409437810180165,1976.7924884082859,13.06325581062566,0
6.326011838408627,2.6869780146896143,1974.597233621809,8.375866381483227,0
7.1873746101186455,2.537338668804181,1004.4344458006564,11.172847929008507,1
5.0567682238370955,3.8359414446556346,1152.224257353515,10.348927035100825,0
5.226520048860222,4.500093209240525,1145.4304300968975,7.155965306508836,0
9.303652916281717,3.976336559299451,1600.4271635707103,9.619457797722475,0
5.694135863247051,0.3367530073438585,385.32110155237916,7.491057740402427,0
5.17971136898371,0.8927233102716681,796.2769162556559,9.956250160685805,0
7.804689857676932,3.400703858801502,558.2827694391287,17.473971869326903,0
9.546602010393912,1.6374867608895731,1705.0881334220865,12.25879164989051,0
8.777755692715242,4.049372229273175,1623.2833578326045,7.35881502604169,0
6.752937794032984,0.803799480241541,385.0924629185701,11.543997734691017,0
9.063997836287513,4.429888741180935,269.33642102043154,17.113921876750787,0
6.68807585701814,2.6153271238455966,1993.0344405078097,12.069753331929096,0
6.766761140130264,0.8826401600275413,229.52738783243777,0.15328065298450655,1
6.293899908000085,0.5988106590962561,1545.945582791698,18.86151675489415,0
7.954464715941209,4.1062865233600645,551.3323173553675,0.5239341706412959,0
7.713480415791242,0.7642956959216601,237.64908680966187,18.747761329942378,0
5.469909699204345,0.5205429099228692,110.94145494643098,18.184404117231203,0
6.625916610133736,2.783814465069649,1083.6521224309517,9.231149488395797,0
9.574321951102242,0.8901798343487571,1377.94402462774,10.467818227487328,0
9.08611100100608,2.916958973830602,1569.5989388045411,14.558786139475304,0
7.771770262557004,1.3433867969247304,641.2585137276534,12.693425465078828,0
8.641081743059297,3.9429860561226535,1225.4656243273882,15.71303236160464,0
9.162213204002109,3.139501947454539,410.88526026417145,5.3009285665000805,0
9.041986740582306,2.237061834117273,800.2000530751461,13.129572146630053,0
7.962072844310212,0.1834160144529895,1969.5575311236737,15.97428383309149,0
8.387821809211413,0.5531586847760361,1945.6506786791151,0.4838352778271049,0
7.4862425294619275,3.7380469008812556,1749.717760275923,15.697939542229351,0
6.403861812204279,4.5742295053405,685.0668890232628,2.2819156977586674,0
7.916843825485798,2.088833910836669,1044.2306175210774,8.867600287583755,0
7.91828055925436,1.1024310453508768,149.04262320402526,4.3813761820371555,1
7.841543016677358,0.023160115023014294,1063.7461365079457,11.20336366923684,0
8.09064120228948,1.3351413508471066,890.6925965415469,18.834514232378503,0
7.468977981821954,3.0531002122081627,480.2854640651392,14.661425920593496,0
8.875664116805574,2.685532709092739,1014.8924678738451,16.318938779372345,0
9.70229292176457,0.06547228294166818,1942.8328876038138,17.012321156822757,0
9.112686214615845,3.7911923785204564,510.4725467682392,12.341330322356026,0
9.28244920594161,3.3251833727312774,1243.0624582780292,3.475231862714876,0
6.882316834390248,0.45743418698877436,209.7830658930966,5.49463051039039,0
9.683649943683672,3.600182682730372,782.5434018595548,17.454605009692038,0
5.587631233885524,4.368385570931694,1241.129233385173,15.477593114603128,0
7.074097511688326,0.4349337995570507,1067.9020434846004,16.42396565100453,1
7.475884550556351,1.6103958279158914,1575.5340203043093,8.64153765888392,1
9.383268013291726,3.0930568910759213,1954.1601343291022,14.479461109321877,0
9.849571989073016,4.310638086327253,676.2227803784316,12.158104281814076,0
5.50735771433016,4.671835073845074,1703.9238530414746,8.9947968490108,0
6.860090428963916,1.3607256861498134,343.94914996283796,13.414646238116681,1
6.87791476319972,0.09855268877182077,1134.5292861256141,9.278627536246656,0
9.701151207124788,0.831416843780397,1695.7364754467687,9.007019578108252,0
7.1449701368750915,0.684093154594807,250.89680107907455,17.291272190453398,0
5.847463733430462,1.0256982024100358,157.73541342399002,16.99950742961324,0
8.73245702559012,1.9950135193506513,332.00883661905095,17.99666691374545,0
5.780093202212183,0.603179355503004,1028.422061768865,6.994064594916991,0
9.680773870803904,0.1827483392404744,1410.100826959966,9.245911220012143,0
5.07272332833941,3.717541281458039,1027.6581603413786,9.72000987595206,0
7.777158528013137,1.1009160097490567,909.5584293917058,13.731798269852135,0
5.714958410264179,0.1850381735774631,1536.7103249009676,14.863863974632068,0
5.157145928433671,2.6629471627579293,160.01367516871989,11.084530282640333,0
9.865052773762228,1.7317299718298063,109.38596377537827,14.616419299614595,0
6.881297927654579,4.350494369504649,1585.8533665737332,11.97957016354421,0
8.357865977963998,3.2922591732921274,593.6450966155651,7.238399816757299,0
8.918265063705714,4.9059308901371175,1591.5314332904081,16.912087259798135,0
6.1213465473027995,4.604209413086862,208.46502656969824,2.7849074223519033,0
7.877370889379395,3.6901680821318523,1810.0439344562212,14.976526739266129,0
5.082939144639281,4.232261458672591,443.8562101480306,16.63394087351547,0
5.127095633720476,0.7718135763710116,1309.2174741329097,7.107691373714788,0
9.113002803298292,4.151099322834958,531.8122917999879,4.075329182553782,1
6.186245437484001,2.5941902856303605,1879.550815360427,8.221912052014131,0
6.356745158869479,4.932576243964898,1615.3622912106575,13.12323675362143,0
6.946008393670816,3.4613828225892624,228.46387082520832,5.600746591009789,0
7.600340105889054,3.395511595722448,161.79974103337864,3.9494097971987463,0
5.325257964926397,2.5583872105783305,504.8989376476583,11.648453164144929,0
6.64332272684958,2.839726152763147,1357.4944607138193,5.630423968298599,1
8.512420419935546,0.9096406524763556,873.1251253734541,5.1724166977607755,0
8.058603731171761,2.7081710733043347,683.8509333599445,3.3190979059157,0
8.21015823077144,3.536193171566993,417.3796250118047,5.234113674718119,0
9.714548519562596,1.7941524206175123,1952.107008078888,13.529358744527244,0
7.571172192068058,3.7373546906687825,621.008884462473,19.369775551887678,0
9.19164352355569,3.2762099031951086,1415.1065492188507,16.475807684425895,0
5.813084696724457,0.8694762460974365,300.76290009731343,7.940300824743833,0
8.974056517708242,1.1230241146999098,964.0057257043323,3.9619526551948026,0
9.451318919454582,1.1583585069172169,1553.1386217156914,3.9219542547678587,0
8.07503613349585,3.877638083475053,848.3423707429012,1.2454621176377123,0
9.072342412944678,2.481831236006182,1253.4786685686834,13.883011470196621,0
6.432706260641422,0.4972069637967258,838.2603924136569,16.44206321200451,0
8.362592280385192,4.577441487940209,1159.7884930030473,17.455076791322558,0
7.063088384557132,3.473482354272134,1983.3863880341578,18.143900614116596,0
9.871974038330833,3.8979223678337664,1929.9187120194304,2.1605150826138275,0
6.81814801189647,2.195674542851092,237.1769770604341,9.965113645269073,0
9.143687545759647,3.0288740967844356,689.6877219547902,3.5485753893941374,0
9.849394133538194,1.1680387552495497,1768.151208845632,7.690226552896251,0
5.034760652655954,1.0081366002387226,1351.5447734516647,12.846510518104548,1
6.6437580514375405,4.660140527550087,1310.6828059357329,8.619704410265925,0
7.970653576760675,4.443740399344886,370.27380050567274,18.1522200511311,0
6.404672548436904,0.5089123631020187,122.0790258253912,19.693394790490164,0
5.909124836035503,4.3678931205338865,1417.9962289848283,1.643433349528547,0
8.360677737029393,3.1003637796425676,1811.333541621391,12.85130399070383,0
5.610191174223894,0.10035598888863184,1750.3840191156605,7.443340476750267,0
6.386905914905663,3.0386839743942957,857.4597527673949,4.1398515687685356,0
6.409273873867,2.984214244584446,1138.7250841567331,10.253095062901059,0
7.776004057997312,2.0042570838181994,348.6599553648647,9.929223047105996,0
6.626998490796339,2.9563771787246464,174.75272727016832,6.946866525176853,0
9.697494707820946,2.9342055901043955,322.8855590285495,17.22739992726872,0
8.518289296900118,4.571494032802495,1394.1239225334673,14.629929806807247,0
7.611216300274021,1.0249214770791049,1369.6043172545308,15.857088380676787,0
6.9254886430096265,3.749802351995889,1273.9097563823063,9.693925742600939,1
8.246051510580319,4.9204173459964755,1079.7909126233458,12.03846862030263,0
7.4631255214542955,1.7535590772585508,1880.2198637590193,11.435447040966444,1
5.861599356008149,4.8443892764284575,236.9602383974794,0.5089551981150175,0
6.467959221322467,4.7305773106681634,1586.5324197107195,6.60430129742995,1
5.4206998249752445,0.7626952145713067,418.47651094780355,4.939575981439996,1
8.161529152967898,1.5586103389777413,500.2581591107665,8.198097793925765,0
9.512764533397833,2.7095047368917906,714.4059680194895,2.2144118665263135,0
5.368982823676994,1.9216332357984083,253.74663779737915,14.871878323531195,0
6.246461145744375,4.949801161949726,1754.8413351175627,4.049611203304748,0
9.034173696336321,4.095511588370998,1463.435754750535,13.299698069519906,0
9.75357153204958,1.3929516951597931,146.71514127172287,14.75016718918014,0
8.775686278368095,4.35921763872616,308.4987774872567,10.679349450955275,0
9.315517129377968,4.0853603547464,1274.4958952044262,13.777706041001814,0
5.045985258083149,3.6822211781236143,1001.7986639246463,15.187965248359275,0
9.828160165372797,0.5358600566988803,1338.1669682141817,16.23539576180275,0
9.74899956645962,3.480103090268961,1277.2171143058763,2.276767869532028,0
9.4385209137915,4.222746992675352,1118.0726004988544,11.967149685955176,0
5.555987411530757,4.989670552666688,266.52121885129327,17.579578005645345,0
9.805952819119572,3.5952295259212272,1368.344808653794,12.682842765914737,0
8.566223936114975,2.127182193082084,352.15993268181467,8.029886317225765,0
5.489170803255007,2.882582377571268,1097.8104289674143,17.163541063143278,0
8.079250490261082,0.05497914329240239,1018.736728767857,16.432737954209433,0
9.769642885012937,3.317686860083553,278.4113599998949,11.224455765650498,0
6.061695553391381,0.40879515974435954,1610.1381426248658,0.41889922061825624,0
8.479871030468491,2.1806326456765834,114.36946245847003,3.0420856644454575,0
5.887197718898614,2.174136693018731,868.205659398155,15.321295530706053,0
9.566202762782357,2.043670855490482,867.8666111369627,17.556601563040818,0
6.603900324858679,3.8122934287034527,1460.0674328959683,3.689525062672787,1
9.483942049530059,0.22871016906256425,179.1785111445301,17.801940703676166,0
7.921571559615501,4.723660111457051,351.796878209512,2.8004819510663537,0
6.200728093890966,4.686142436182256,1800.7237073424192,11.643974931882276,0
8.423655862769397,4.974539113232177,935.0722084025292,18.635074388656328,0
6.850793501277222,4.805351587347276,943.1254166786852,2.2953774373843494,0
5.681857377933849,1.6755942712957095,286.3569034900647,5.900814153083125,0
6.209261454502259,4.7364166980590765,962.2001286289146,14.590164573047934,1
9.964823980596503,2.138865668679312,678.8903642862775,12.013021330967117,0
8.06707597967895,4.079165624953089,388.8472209444314,10.148238774356177,0
5.22613644455269,3.229586206658006,221.99698044275476,16.83997105780123,0
7.638505545431499,4.938611948680157,1601.0578289834166,19.01062105172407,0
8.520398840496117,4.129083752823814,963.3169356639256,0.2341322146180813,0
9.255683357584285,1.0495279654779288,1750.9194705095647,3.315490803265515,0
5.697469303260209,1.0467466166835515,387.0099943837104,2.4277283631881286,0
9.813242073389626,2.0470582609562022,134.6419070850871,17.87979420015741,1
5.594089581340359,3.1375273160918504,949.6848269591877,8.691919217174235,0
6.838915663596266,0.7583743986637559,1833.4903566717128,2.3667238184677464,1
8.991475894833876,3.579861144236988,1634.9072896883913,4.775924227630785,0
9.486078789766633,2.931149160083986,239.64381992702405,3.1781633533870712,0
9.017404651924242,2.4774565810309923,359.2355298577929,18.766096368969652,0
7.86718944061643,0.1971340568425295,716.2341309192136,19.25620714148052,0
8.100662989007684,3.2482332449618423,1054.8755452805406,5.613664310319486,0
7.169258246189865,4.1487090185360085,587.4692890325912,6.287002263674967,0
8.975930973843518,1.2971171671564625,1255.0196763075448,5.538089747556178,0
7.0870550157438945,0.8213289896549647,1155.1907467814995,11.599675748562625,0
5.539457134966522,2.4057005092740873,1442.3038803251122,15.675835689707945,0
5.472214803779642,3.6628604860512515,1500.060115393946,3.4976287435191877,0
8.187787356776067,1.3998954683014209,766.1911692974435,4.93357729043246,0
5.2815163784091865,2.3993781015195443,854.2648824411385,6.338931755822386,0
6.779863393256308,0.6967803703641207,691.484628396407,3.244668115649587,0
8.56089610673768,4.349481810310642,1109.2221032019609,10.648413645504341,0
6.428560431409304,1.1938857288415117,496.16997727893806,11.83394324612651,0
9.480456499617466,0.9061653308283008,403.13489221505785,0.06436527208557363,0
8.059264473611897,0.9226050967818866,1906.6407682757797,4.113745243911103,0
5.993578407670862,4.483827123132126,1734.2325546594886,4.270227326213439,0
7.051914615178148,1.6117692248736148,1456.765171051613,19.161469602387605,0
9.046805777392567,1.8665465813987647,1177.3308958746688,15.1350301137727,0
8.5048456572956,3.4814438793906985,545.8199555253617,11.864431402147686,1
6.571779905381634,1.683021390969603,198.7454389377976,15.219815200561877,0
